Interval,Day,Time,Required
0,Monday,00:00,2
1,Monday,00:05,1
2,Monday,00:10,3
3,Monday,00:15,3
4,Monday,00:20,0
5,Monday,00:25,1
6,Monday,00:30,2
7,Monday,00:35,2
8,Monday,00:40,2
9,Monday,00:45,1
10,Monday,00:50,3
11,Monday,00:55,3
12,Monday,01:00,2
13,Monday,01:05,3
14,Monday,01:10,3
15,Monday,01:15,1
16,Monday,01:20,2
17,Monday,01:25,1
18,Monday,01:30,3
19,Monday,01:35,2
20,Monday,01:40,2
21,Monday,01:45,2
22,Monday,01:50,3
23,Monday,01:55,2
24,Monday,02:00,2
25,Monday,02:05,2
26,Monday,02:10,3
27,Monday,02:15,3
28,Monday,02:20,3
29,Monday,02:25,3
30,Monday,02:30,4
31,Monday,02:35,2
32,Monday,02:40,2
33,Monday,02:45,2
34,Monday,02:50,3
35,Monday,02:55,4
36,Monday,03:00,3
37,Monday,03:05,2
38,Monday,03:10,2
39,Monday,03:15,4
40,Monday,03:20,4
41,Monday,03:25,4
42,Monday,03:30,3
43,Monday,03:35,4
44,Monday,03:40,4
45,Monday,03:45,4
46,Monday,03:50,5
47,Monday,03:55,4
48,Monday,04:00,5
49,Monday,04:05,5
50,Monday,04:10,5
51,Monday,04:15,5
52,Monday,04:20,4
53,Monday,04:25,5
54,Monday,04:30,5
55,Monday,04:35,5
56,Monday,04:40,6
57,Monday,04:45,7
58,Monday,04:50,6
59,Monday,04:55,7
60,Monday,05:00,6
61,Monday,05:05,7
62,Monday,05:10,8
63,Monday,05:15,8
64,Monday,05:20,9
65,Monday,05:25,9
66,Monday,05:30,8
67,Monday,05:35,9
68,Monday,05:40,10
69,Monday,05:45,9
70,Monday,05:50,9
71,Monday,05:55,9
72,Monday,06:00,10
73,Monday,06:05,11
74,Monday,06:10,11
75,Monday,06:15,12
76,Monday,06:20,12
77,Monday,06:25,12
78,Monday,06:30,13
79,Monday,06:35,13
80,Monday,06:40,14
81,Monday,06:45,13
82,Monday,06:50,14
83,Monday,06:55,14
84,Monday,07:00,14
85,Monday,07:05,16
86,Monday,07:10,15
87,Monday,07:15,16
88,Monday,07:20,17
89,Monday,07:25,17
90,Monday,07:30,17
91,Monday,07:35,17
92,Monday,07:40,17
93,Monday,07:45,18
94,Monday,07:50,17
95,Monday,07:55,17
96,Monday,08:00,18
97,Monday,08:05,18
98,Monday,08:10,20
99,Monday,08:15,19
100,Monday,08:20,19
101,Monday,08:25,21
102,Monday,08:30,20
103,Monday,08:35,21
104,Monday,08:40,20
105,Monday,08:45,21
106,Monday,08:50,20
107,Monday,08:55,21
108,Monday,09:00,22
109,Monday,09:05,20
110,Monday,09:10,22
111,Monday,09:15,22
112,Monday,09:20,21
113,Monday,09:25,21
114,Monday,09:30,22
115,Monday,09:35,22
116,Monday,09:40,23
117,Monday,09:45,22
118,Monday,09:50,24
119,Monday,09:55,23
120,Monday,10:00,22
121,Monday,10:05,23
122,Monday,10:10,23
123,Monday,10:15,24
124,Monday,10:20,24
125,Monday,10:25,24
126,Monday,10:30,25
127,Monday,10:35,23
128,Monday,10:40,24
129,Monday,10:45,24
130,Monday,10:50,24
131,Monday,10:55,24
132,Monday,11:00,26
133,Monday,11:05,25
134,Monday,11:10,25
135,Monday,11:15,25
136,Monday,11:20,27
137,Monday,11:25,27
138,Monday,11:30,29
139,Monday,11:35,30
140,Monday,11:40,28
141,Monday,11:45,27
142,Monday,11:50,27
143,Monday,11:55,29
144,Monday,12:00,29
145,Monday,12:05,30
146,Monday,12:10,30
147,Monday,12:15,31
148,Monday,12:20,32
149,Monday,12:25,32
150,Monday,12:30,32
151,Monday,12:35,32
152,Monday,12:40,32
153,Monday,12:45,33
154,Monday,12:50,34
155,Monday,12:55,36
156,Monday,13:00,35
157,Monday,13:05,36
158,Monday,13:10,35
159,Monday,13:15,35
160,Monday,13:20,35
161,Monday,13:25,36
162,Monday,13:30,38
163,Monday,13:35,36
164,Monday,13:40,38
165,Monday,13:45,36
166,Monday,13:50,38
167,Monday,13:55,38
168,Monday,14:00,37
169,Monday,14:05,38
170,Monday,14:10,37
171,Monday,14:15,38
172,Monday,14:20,37
173,Monday,14:25,36
174,Monday,14:30,36
175,Monday,14:35,37
176,Monday,14:40,38
177,Monday,14:45,37
178,Monday,14:50,37
179,Monday,14:55,37
180,Monday,15:00,37
181,Monday,15:05,36
182,Monday,15:10,35
183,Monday,15:15,36
184,Monday,15:20,35
185,Monday,15:25,36
186,Monday,15:30,34
187,Monday,15:35,33
188,Monday,15:40,32
189,Monday,15:45,34
190,Monday,15:50,33
191,Monday,15:55,31
192,Monday,16:00,31
193,Monday,16:05,32
194,Monday,16:10,29
195,Monday,16:15,29
196,Monday,16:20,29
197,Monday,16:25,28
198,Monday,16:30,28
199,Monday,16:35,27
200,Monday,16:40,27
201,Monday,16:45,27
202,Monday,16:50,26
203,Monday,16:55,26
204,Monday,17:00,23
205,Monday,17:05,24
206,Monday,17:10,23
207,Monday,17:15,22
208,Monday,17:20,22
209,Monday,17:25,22
210,Monday,17:30,22
211,Monday,17:35,20
212,Monday,17:40,21
213,Monday,17:45,20
214,Monday,17:50,20
215,Monday,17:55,20
216,Monday,18:00,19
217,Monday,18:05,20
218,Monday,18:10,18
219,Monday,18:15,17
220,Monday,18:20,17
221,Monday,18:25,17
222,Monday,18:30,17
223,Monday,18:35,15
224,Monday,18:40,16
225,Monday,18:45,16
226,Monday,18:50,17
227,Monday,18:55,16
228,Monday,19:00,14
229,Monday,19:05,14
230,Monday,19:10,12
231,Monday,19:15,13
232,Monday,19:20,13
233,Monday,19:25,14
234,Monday,19:30,12
235,Monday,19:35,11
236,Monday,19:40,10
237,Monday,19:45,11
238,Monday,19:50,10
239,Monday,19:55,10
240,Monday,20:00,10
241,Monday,20:05,10
242,Monday,20:10,9
243,Monday,20:15,8
244,Monday,20:20,11
245,Monday,20:25,8
246,Monday,20:30,8
247,Monday,20:35,10
248,Monday,20:40,11
249,Monday,20:45,7
250,Monday,20:50,8
251,Monday,20:55,8
252,Monday,21:00,9
253,Monday,21:05,6
254,Monday,21:10,7
255,Monday,21:15,7
256,Monday,21:20,7
257,Monday,21:25,6
258,Monday,21:30,6
259,Monday,21:35,5
260,Monday,21:40,6
261,Monday,21:45,5
262,Monday,21:50,6
263,Monday,21:55,5
264,Monday,22:00,6
265,Monday,22:05,6
266,Monday,22:10,5
267,Monday,22:15,5
268,Monday,22:20,5
269,Monday,22:25,4
270,Monday,22:30,4
271,Monday,22:35,4
272,Monday,22:40,4
273,Monday,22:45,6
274,Monday,22:50,5
275,Monday,22:55,4
276,Monday,23:00,3
277,Monday,23:05,3
278,Monday,23:10,4
279,Monday,23:15,4
280,Monday,23:20,4
281,Monday,23:25,2
282,Monday,23:30,4
283,Monday,23:35,3
284,Monday,23:40,2
285,Monday,23:45,3
286,Monday,23:50,3
287,Monday,23:55,3
288,Tuesday,00:00,2
289,Tuesday,00:05,2
290,Tuesday,00:10,2
291,Tuesday,00:15,2
292,Tuesday,00:20,3
293,Tuesday,00:25,0
294,Tuesday,00:30,2
295,Tuesday,00:35,2
296,Tuesday,00:40,2
297,Tuesday,00:45,2
298,Tuesday,00:50,1
299,Tuesday,00:55,2
300,Tuesday,01:00,3
301,Tuesday,01:05,1
302,Tuesday,01:10,3
303,Tuesday,01:15,2
304,Tuesday,01:20,2
305,Tuesday,01:25,1
306,Tuesday,01:30,2
307,Tuesday,01:35,3
308,Tuesday,01:40,3
309,Tuesday,01:45,4
310,Tuesday,01:50,3
311,Tuesday,01:55,3
312,Tuesday,02:00,4
313,Tuesday,02:05,3
314,Tuesday,02:10,3
315,Tuesday,02:15,2
316,Tuesday,02:20,3
317,Tuesday,02:25,2
318,Tuesday,02:30,3
319,Tuesday,02:35,2
320,Tuesday,02:40,3
321,Tuesday,02:45,3
322,Tuesday,02:50,4
323,Tuesday,02:55,4
324,Tuesday,03:00,4
325,Tuesday,03:05,4
326,Tuesday,03:10,2
327,Tuesday,03:15,3
328,Tuesday,03:20,2
329,Tuesday,03:25,3
330,Tuesday,03:30,5
331,Tuesday,03:35,4
332,Tuesday,03:40,3
333,Tuesday,03:45,3
334,Tuesday,03:50,4
335,Tuesday,03:55,3
336,Tuesday,04:00,4
337,Tuesday,04:05,5
338,Tuesday,04:10,6
339,Tuesday,04:15,5
340,Tuesday,04:20,3
341,Tuesday,04:25,6
342,Tuesday,04:30,6
343,Tuesday,04:35,6
344,Tuesday,04:40,7
345,Tuesday,04:45,4
346,Tuesday,04:50,6
347,Tuesday,04:55,7
348,Tuesday,05:00,6
349,Tuesday,05:05,8
350,Tuesday,05:10,8
351,Tuesday,05:15,8
352,Tuesday,05:20,8
353,Tuesday,05:25,9
354,Tuesday,05:30,9
355,Tuesday,05:35,9
356,Tuesday,05:40,9
357,Tuesday,05:45,10
358,Tuesday,05:50,9
359,Tuesday,05:55,10
360,Tuesday,06:00,10
361,Tuesday,06:05,11
362,Tuesday,06:10,12
363,Tuesday,06:15,11
364,Tuesday,06:20,12
365,Tuesday,06:25,13
366,Tuesday,06:30,12
367,Tuesday,06:35,12
368,Tuesday,06:40,14
369,Tuesday,06:45,14
370,Tuesday,06:50,14
371,Tuesday,06:55,16
372,Tuesday,07:00,16
373,Tuesday,07:05,16
374,Tuesday,07:10,16
375,Tuesday,07:15,18
376,Tuesday,07:20,16
377,Tuesday,07:25,15
378,Tuesday,07:30,18
379,Tuesday,07:35,17
380,Tuesday,07:40,18
381,Tuesday,07:45,19
382,Tuesday,07:50,17
383,Tuesday,07:55,17
384,Tuesday,08:00,17
385,Tuesday,08:05,18
386,Tuesday,08:10,20
387,Tuesday,08:15,20
388,Tuesday,08:20,20
389,Tuesday,08:25,19
390,Tuesday,08:30,18
391,Tuesday,08:35,20
392,Tuesday,08:40,20
393,Tuesday,08:45,21
394,Tuesday,08:50,21
395,Tuesday,08:55,21
396,Tuesday,09:00,22
397,Tuesday,09:05,22
398,Tuesday,09:10,22
399,Tuesday,09:15,21
400,Tuesday,09:20,22
401,Tuesday,09:25,22
402,Tuesday,09:30,23
403,Tuesday,09:35,22
404,Tuesday,09:40,23
405,Tuesday,09:45,22
406,Tuesday,09:50,23
407,Tuesday,09:55,23
408,Tuesday,10:00,21
409,Tuesday,10:05,22
410,Tuesday,10:10,22
411,Tuesday,10:15,21
412,Tuesday,10:20,23
413,Tuesday,10:25,24
414,Tuesday,10:30,24
415,Tuesday,10:35,24
416,Tuesday,10:40,25
417,Tuesday,10:45,26
418,Tuesday,10:50,25
419,Tuesday,10:55,26
420,Tuesday,11:00,25
421,Tuesday,11:05,25
422,Tuesday,11:10,25
423,Tuesday,11:15,25
424,Tuesday,11:20,26
425,Tuesday,11:25,26
426,Tuesday,11:30,28
427,Tuesday,11:35,29
428,Tuesday,11:40,27
429,Tuesday,11:45,29
430,Tuesday,11:50,28
431,Tuesday,11:55,29
432,Tuesday,12:00,29
433,Tuesday,12:05,28
434,Tuesday,12:10,31
435,Tuesday,12:15,30
436,Tuesday,12:20,31
437,Tuesday,12:25,31
438,Tuesday,12:30,32
439,Tuesday,12:35,33
440,Tuesday,12:40,33
441,Tuesday,12:45,34
442,Tuesday,12:50,34
443,Tuesday,12:55,35
444,Tuesday,13:00,34
445,Tuesday,13:05,34
446,Tuesday,13:10,36
447,Tuesday,13:15,35
448,Tuesday,13:20,37
449,Tuesday,13:25,36
450,Tuesday,13:30,36
451,Tuesday,13:35,37
452,Tuesday,13:40,38
453,Tuesday,13:45,39
454,Tuesday,13:50,37
455,Tuesday,13:55,38
456,Tuesday,14:00,38
457,Tuesday,14:05,37
458,Tuesday,14:10,38
459,Tuesday,14:15,38
460,Tuesday,14:20,38
461,Tuesday,14:25,37
462,Tuesday,14:30,36
463,Tuesday,14:35,36
464,Tuesday,14:40,36
465,Tuesday,14:45,37
466,Tuesday,14:50,36
467,Tuesday,14:55,38
468,Tuesday,15:00,37
469,Tuesday,15:05,35
470,Tuesday,15:10,36
471,Tuesday,15:15,35
472,Tuesday,15:20,35
473,Tuesday,15:25,35
474,Tuesday,15:30,34
475,Tuesday,15:35,33
476,Tuesday,15:40,34
477,Tuesday,15:45,32
478,Tuesday,15:50,32
479,Tuesday,15:55,34
480,Tuesday,16:00,31
481,Tuesday,16:05,32
482,Tuesday,16:10,30
483,Tuesday,16:15,30
484,Tuesday,16:20,29
485,Tuesday,16:25,28
486,Tuesday,16:30,27
487,Tuesday,16:35,28
488,Tuesday,16:40,26
489,Tuesday,16:45,27
490,Tuesday,16:50,27
491,Tuesday,16:55,26
492,Tuesday,17:00,24
493,Tuesday,17:05,25
494,Tuesday,17:10,23
495,Tuesday,17:15,24
496,Tuesday,17:20,21
497,Tuesday,17:25,22
498,Tuesday,17:30,20
499,Tuesday,17:35,20
500,Tuesday,17:40,22
501,Tuesday,17:45,21
502,Tuesday,17:50,19
503,Tuesday,17:55,18
504,Tuesday,18:00,17
505,Tuesday,18:05,18
506,Tuesday,18:10,20
507,Tuesday,18:15,18
508,Tuesday,18:20,17
509,Tuesday,18:25,17
510,Tuesday,18:30,15
511,Tuesday,18:35,16
512,Tuesday,18:40,16
513,Tuesday,18:45,15
514,Tuesday,18:50,16
515,Tuesday,18:55,15
516,Tuesday,19:00,15
517,Tuesday,19:05,13
518,Tuesday,19:10,14
519,Tuesday,19:15,15
520,Tuesday,19:20,12
521,Tuesday,19:25,12
522,Tuesday,19:30,13
523,Tuesday,19:35,12
524,Tuesday,19:40,13
525,Tuesday,19:45,11
526,Tuesday,19:50,12
527,Tuesday,19:55,11
528,Tuesday,20:00,11
529,Tuesday,20:05,11
530,Tuesday,20:10,10
531,Tuesday,20:15,9
532,Tuesday,20:20,9
533,Tuesday,20:25,10
534,Tuesday,20:30,8
535,Tuesday,20:35,9
536,Tuesday,20:40,8
537,Tuesday,20:45,9
538,Tuesday,20:50,6
539,Tuesday,20:55,7
540,Tuesday,21:00,6
541,Tuesday,21:05,7
542,Tuesday,21:10,7
543,Tuesday,21:15,7
544,Tuesday,21:20,6
545,Tuesday,21:25,6
546,Tuesday,21:30,6
547,Tuesday,21:35,5
548,Tuesday,21:40,6
549,Tuesday,21:45,6
550,Tuesday,21:50,6
551,Tuesday,21:55,6
552,Tuesday,22:00,5
553,Tuesday,22:05,7
554,Tuesday,22:10,5
555,Tuesday,22:15,4
556,Tuesday,22:20,4
557,Tuesday,22:25,4
558,Tuesday,22:30,3
559,Tuesday,22:35,3
560,Tuesday,22:40,4
561,Tuesday,22:45,4
562,Tuesday,22:50,4
563,Tuesday,22:55,3
564,Tuesday,23:00,4
565,Tuesday,23:05,4
566,Tuesday,23:10,3
567,Tuesday,23:15,3
568,Tuesday,23:20,4
569,Tuesday,23:25,3
570,Tuesday,23:30,2
571,Tuesday,23:35,3
572,Tuesday,23:40,3
573,Tuesday,23:45,2
574,Tuesday,23:50,3
575,Tuesday,23:55,2
576,Wednesday,00:00,3
577,Wednesday,00:05,3
578,Wednesday,00:10,2
579,Wednesday,00:15,2
580,Wednesday,00:20,0
581,Wednesday,00:25,1
582,Wednesday,00:30,2
583,Wednesday,00:35,1
584,Wednesday,00:40,3
585,Wednesday,00:45,4
586,Wednesday,00:50,1
587,Wednesday,00:55,1
588,Wednesday,01:00,2
589,Wednesday,01:05,3
590,Wednesday,01:10,1
591,Wednesday,01:15,2
592,Wednesday,01:20,4
593,Wednesday,01:25,1
594,Wednesday,01:30,1
595,Wednesday,01:35,2
596,Wednesday,01:40,2
597,Wednesday,01:45,3
598,Wednesday,01:50,2
599,Wednesday,01:55,1
600,Wednesday,02:00,3
601,Wednesday,02:05,2
602,Wednesday,02:10,3
603,Wednesday,02:15,2
604,Wednesday,02:20,2
605,Wednesday,02:25,3
606,Wednesday,02:30,3
607,Wednesday,02:35,3
608,Wednesday,02:40,1
609,Wednesday,02:45,3
610,Wednesday,02:50,2
611,Wednesday,02:55,3
612,Wednesday,03:00,2
613,Wednesday,03:05,3
614,Wednesday,03:10,3
615,Wednesday,03:15,2
616,Wednesday,03:20,4
617,Wednesday,03:25,4
618,Wednesday,03:30,3
619,Wednesday,03:35,5
620,Wednesday,03:40,3
621,Wednesday,03:45,4
622,Wednesday,03:50,4
623,Wednesday,03:55,4
624,Wednesday,04:00,5
625,Wednesday,04:05,4
626,Wednesday,04:10,4
627,Wednesday,04:15,6
628,Wednesday,04:20,4
629,Wednesday,04:25,3
630,Wednesday,04:30,7
631,Wednesday,04:35,8
632,Wednesday,04:40,6
633,Wednesday,04:45,5
634,Wednesday,04:50,6
635,Wednesday,04:55,6
636,Wednesday,05:00,7
637,Wednesday,05:05,6
638,Wednesday,05:10,8
639,Wednesday,05:15,8
640,Wednesday,05:20,7
641,Wednesday,05:25,9
642,Wednesday,05:30,10
643,Wednesday,05:35,9
644,Wednesday,05:40,9
645,Wednesday,05:45,9
646,Wednesday,05:50,10
647,Wednesday,05:55,9
648,Wednesday,06:00,11
649,Wednesday,06:05,11
650,Wednesday,06:10,13
651,Wednesday,06:15,11
652,Wednesday,06:20,13
653,Wednesday,06:25,11
654,Wednesday,06:30,13
655,Wednesday,06:35,13
656,Wednesday,06:40,13
657,Wednesday,06:45,14
658,Wednesday,06:50,15
659,Wednesday,06:55,14
660,Wednesday,07:00,13
661,Wednesday,07:05,15
662,Wednesday,07:10,15
663,Wednesday,07:15,16
664,Wednesday,07:20,16
665,Wednesday,07:25,15
666,Wednesday,07:30,16
667,Wednesday,07:35,18
668,Wednesday,07:40,17
669,Wednesday,07:45,16
670,Wednesday,07:50,19
671,Wednesday,07:55,19
672,Wednesday,08:00,18
673,Wednesday,08:05,18
674,Wednesday,08:10,20
675,Wednesday,08:15,20
676,Wednesday,08:20,22
677,Wednesday,08:25,20
678,Wednesday,08:30,20
679,Wednesday,08:35,20
680,Wednesday,08:40,21
681,Wednesday,08:45,21
682,Wednesday,08:50,22
683,Wednesday,08:55,21
684,Wednesday,09:00,21
685,Wednesday,09:05,21
686,Wednesday,09:10,22
687,Wednesday,09:15,23
688,Wednesday,09:20,21
689,Wednesday,09:25,22
690,Wednesday,09:30,22
691,Wednesday,09:35,22
692,Wednesday,09:40,23
693,Wednesday,09:45,21
694,Wednesday,09:50,22
695,Wednesday,09:55,22
696,Wednesday,10:00,21
697,Wednesday,10:05,22
698,Wednesday,10:10,22
699,Wednesday,10:15,23
700,Wednesday,10:20,24
701,Wednesday,10:25,23
702,Wednesday,10:30,23
703,Wednesday,10:35,24
704,Wednesday,10:40,25
705,Wednesday,10:45,24
706,Wednesday,10:50,24
707,Wednesday,10:55,25
708,Wednesday,11:00,25
709,Wednesday,11:05,26
710,Wednesday,11:10,26
711,Wednesday,11:15,27
712,Wednesday,11:20,26
713,Wednesday,11:25,27
714,Wednesday,11:30,27
715,Wednesday,11:35,26
716,Wednesday,11:40,27
717,Wednesday,11:45,29
718,Wednesday,11:50,28
719,Wednesday,11:55,28
720,Wednesday,12:00,29
721,Wednesday,12:05,31
722,Wednesday,12:10,28
723,Wednesday,12:15,30
724,Wednesday,12:20,30
725,Wednesday,12:25,33
726,Wednesday,12:30,32
727,Wednesday,12:35,33
728,Wednesday,12:40,32
729,Wednesday,12:45,32
730,Wednesday,12:50,34
731,Wednesday,12:55,34
732,Wednesday,13:00,35
733,Wednesday,13:05,35
734,Wednesday,13:10,35
735,Wednesday,13:15,36
736,Wednesday,13:20,37
737,Wednesday,13:25,37
738,Wednesday,13:30,35
739,Wednesday,13:35,35
740,Wednesday,13:40,38
741,Wednesday,13:45,38
742,Wednesday,13:50,36
743,Wednesday,13:55,36
744,Wednesday,14:00,38
745,Wednesday,14:05,38
746,Wednesday,14:10,39
747,Wednesday,14:15,38
748,Wednesday,14:20,37
749,Wednesday,14:25,37
750,Wednesday,14:30,37
751,Wednesday,14:35,37
752,Wednesday,14:40,36
753,Wednesday,14:45,39
754,Wednesday,14:50,38
755,Wednesday,14:55,37
756,Wednesday,15:00,35
757,Wednesday,15:05,37
758,Wednesday,15:10,36
759,Wednesday,15:15,35
760,Wednesday,15:20,36
761,Wednesday,15:25,35
762,Wednesday,15:30,35
763,Wednesday,15:35,34
764,Wednesday,15:40,33
765,Wednesday,15:45,31
766,Wednesday,15:50,32
767,Wednesday,15:55,31
768,Wednesday,16:00,30
769,Wednesday,16:05,32
770,Wednesday,16:10,31
771,Wednesday,16:15,31
772,Wednesday,16:20,29
773,Wednesday,16:25,30
774,Wednesday,16:30,28
775,Wednesday,16:35,28
776,Wednesday,16:40,26
777,Wednesday,16:45,27
778,Wednesday,16:50,26
779,Wednesday,16:55,24
780,Wednesday,17:00,25
781,Wednesday,17:05,24
782,Wednesday,17:10,25
783,Wednesday,17:15,24
784,Wednesday,17:20,23
785,Wednesday,17:25,22
786,Wednesday,17:30,22
787,Wednesday,17:35,21
788,Wednesday,17:40,20
789,Wednesday,17:45,20
790,Wednesday,17:50,19
791,Wednesday,17:55,18
792,Wednesday,18:00,19
793,Wednesday,18:05,19
794,Wednesday,18:10,17
795,Wednesday,18:15,18
796,Wednesday,18:20,18
797,Wednesday,18:25,18
798,Wednesday,18:30,17
799,Wednesday,18:35,16
800,Wednesday,18:40,15
801,Wednesday,18:45,14
802,Wednesday,18:50,15
803,Wednesday,18:55,15
804,Wednesday,19:00,15
805,Wednesday,19:05,15
806,Wednesday,19:10,13
807,Wednesday,19:15,12
808,Wednesday,19:20,13
809,Wednesday,19:25,13
810,Wednesday,19:30,12
811,Wednesday,19:35,12
812,Wednesday,19:40,12
813,Wednesday,19:45,11
814,Wednesday,19:50,11
815,Wednesday,19:55,11
816,Wednesday,20:00,10
817,Wednesday,20:05,10
818,Wednesday,20:10,10
819,Wednesday,20:15,9
820,Wednesday,20:20,9
821,Wednesday,20:25,10
822,Wednesday,20:30,8
823,Wednesday,20:35,7
824,Wednesday,20:40,7
825,Wednesday,20:45,8
826,Wednesday,20:50,8
827,Wednesday,20:55,8
828,Wednesday,21:00,8
829,Wednesday,21:05,5
830,Wednesday,21:10,7
831,Wednesday,21:15,8
832,Wednesday,21:20,6
833,Wednesday,21:25,6
834,Wednesday,21:30,6
835,Wednesday,21:35,5
836,Wednesday,21:40,6
837,Wednesday,21:45,7
838,Wednesday,21:50,7
839,Wednesday,21:55,5
840,Wednesday,22:00,7
841,Wednesday,22:05,5
842,Wednesday,22:10,6
843,Wednesday,22:15,5
844,Wednesday,22:20,5
845,Wednesday,22:25,5
846,Wednesday,22:30,7
847,Wednesday,22:35,5
848,Wednesday,22:40,4
849,Wednesday,22:45,5
850,Wednesday,22:50,4
851,Wednesday,22:55,3
852,Wednesday,23:00,4
853,Wednesday,23:05,4
854,Wednesday,23:10,4
855,Wednesday,23:15,3
856,Wednesday,23:20,4
857,Wednesday,23:25,4
858,Wednesday,23:30,2
859,Wednesday,23:35,4
860,Wednesday,23:40,2
861,Wednesday,23:45,2
862,Wednesday,23:50,3
863,Wednesday,23:55,3
864,Thursday,00:00,1
865,Thursday,00:05,3
866,Thursday,00:10,1
867,Thursday,00:15,2
868,Thursday,00:20,2
869,Thursday,00:25,2
870,Thursday,00:30,2
871,Thursday,00:35,1
872,Thursday,00:40,3
873,Thursday,00:45,2
874,Thursday,00:50,1
875,Thursday,00:55,1
876,Thursday,01:00,2
877,Thursday,01:05,2
878,Thursday,01:10,2
879,Thursday,01:15,2
880,Thursday,01:20,2
881,Thursday,01:25,3
882,Thursday,01:30,1
883,Thursday,01:35,1
884,Thursday,01:40,1
885,Thursday,01:45,2
886,Thursday,01:50,3
887,Thursday,01:55,2
888,Thursday,02:00,0
889,Thursday,02:05,1
890,Thursday,02:10,2
891,Thursday,02:15,2
892,Thursday,02:20,2
893,Thursday,02:25,3
894,Thursday,02:30,2
895,Thursday,02:35,3
896,Thursday,02:40,2
897,Thursday,02:45,2
898,Thursday,02:50,3
899,Thursday,02:55,2
900,Thursday,03:00,3
901,Thursday,03:05,3
902,Thursday,03:10,3
903,Thursday,03:15,5
904,Thursday,03:20,3
905,Thursday,03:25,5
906,Thursday,03:30,3
907,Thursday,03:35,3
908,Thursday,03:40,4
909,Thursday,03:45,3
910,Thursday,03:50,3
911,Thursday,03:55,5
912,Thursday,04:00,5
913,Thursday,04:05,4
914,Thursday,04:10,5
915,Thursday,04:15,6
916,Thursday,04:20,6
917,Thursday,04:25,6
918,Thursday,04:30,7
919,Thursday,04:35,4
920,Thursday,04:40,6
921,Thursday,04:45,5
922,Thursday,04:50,6
923,Thursday,04:55,6
924,Thursday,05:00,7
925,Thursday,05:05,9
926,Thursday,05:10,7
927,Thursday,05:15,8
928,Thursday,05:20,8
929,Thursday,05:25,8
930,Thursday,05:30,9
931,Thursday,05:35,9
932,Thursday,05:40,10
933,Thursday,05:45,11
934,Thursday,05:50,10
935,Thursday,05:55,11
936,Thursday,06:00,10
937,Thursday,06:05,11
938,Thursday,06:10,12
939,Thursday,06:15,12
940,Thursday,06:20,12
941,Thursday,06:25,13
942,Thursday,06:30,13
943,Thursday,06:35,14
944,Thursday,06:40,14
945,Thursday,06:45,13
946,Thursday,06:50,14
947,Thursday,06:55,12
948,Thursday,07:00,15
949,Thursday,07:05,12
950,Thursday,07:10,14
951,Thursday,07:15,16
952,Thursday,07:20,17
953,Thursday,07:25,16
954,Thursday,07:30,16
955,Thursday,07:35,18
956,Thursday,07:40,17
957,Thursday,07:45,20
958,Thursday,07:50,18
959,Thursday,07:55,19
960,Thursday,08:00,20
961,Thursday,08:05,19
962,Thursday,08:10,18
963,Thursday,08:15,19
964,Thursday,08:20,20
965,Thursday,08:25,19
966,Thursday,08:30,20
967,Thursday,08:35,20
968,Thursday,08:40,21
969,Thursday,08:45,21
970,Thursday,08:50,21
971,Thursday,08:55,21
972,Thursday,09:00,21
973,Thursday,09:05,22
974,Thursday,09:10,21
975,Thursday,09:15,21
976,Thursday,09:20,23
977,Thursday,09:25,22
978,Thursday,09:30,21
979,Thursday,09:35,23
980,Thursday,09:40,23
981,Thursday,09:45,21
982,Thursday,09:50,23
983,Thursday,09:55,23
984,Thursday,10:00,23
985,Thursday,10:05,24
986,Thursday,10:10,22
987,Thursday,10:15,24
988,Thursday,10:20,23
989,Thursday,10:25,23
990,Thursday,10:30,25
991,Thursday,10:35,25
992,Thursday,10:40,26
993,Thursday,10:45,26
994,Thursday,10:50,25
995,Thursday,10:55,25
996,Thursday,11:00,26
997,Thursday,11:05,26
998,Thursday,11:10,26
999,Thursday,11:15,27
1000,Thursday,11:20,26
1001,Thursday,11:25,26
1002,Thursday,11:30,27
1003,Thursday,11:35,28
1004,Thursday,11:40,28
1005,Thursday,11:45,29
1006,Thursday,11:50,29
1007,Thursday,11:55,29
1008,Thursday,12:00,30
1009,Thursday,12:05,30
1010,Thursday,12:10,29
1011,Thursday,12:15,32
1012,Thursday,12:20,31
1013,Thursday,12:25,30
1014,Thursday,12:30,31
1015,Thursday,12:35,32
1016,Thursday,12:40,33
1017,Thursday,12:45,33
1018,Thursday,12:50,33
1019,Thursday,12:55,35
1020,Thursday,13:00,35
1021,Thursday,13:05,35
1022,Thursday,13:10,36
1023,Thursday,13:15,36
1024,Thursday,13:20,34
1025,Thursday,13:25,36
1026,Thursday,13:30,35
1027,Thursday,13:35,37
1028,Thursday,13:40,37
1029,Thursday,13:45,38
1030,Thursday,13:50,38
1031,Thursday,13:55,38
1032,Thursday,14:00,37
1033,Thursday,14:05,38
1034,Thursday,14:10,37
1035,Thursday,14:15,38
1036,Thursday,14:20,38
1037,Thursday,14:25,37
1038,Thursday,14:30,38
1039,Thursday,14:35,38
1040,Thursday,14:40,36
1041,Thursday,14:45,38
1042,Thursday,14:50,37
1043,Thursday,14:55,36
1044,Thursday,15:00,36
1045,Thursday,15:05,35
1046,Thursday,15:10,35
1047,Thursday,15:15,36
1048,Thursday,15:20,34
1049,Thursday,15:25,35
1050,Thursday,15:30,33
1051,Thursday,15:35,33
1052,Thursday,15:40,33
1053,Thursday,15:45,35
1054,Thursday,15:50,31
1055,Thursday,15:55,33
1056,Thursday,16:00,31
1057,Thursday,16:05,31
1058,Thursday,16:10,30
1059,Thursday,16:15,30
1060,Thursday,16:20,29
1061,Thursday,16:25,30
1062,Thursday,16:30,28
1063,Thursday,16:35,28
1064,Thursday,16:40,26
1065,Thursday,16:45,26
1066,Thursday,16:50,25
1067,Thursday,16:55,26
1068,Thursday,17:00,26
1069,Thursday,17:05,24
1070,Thursday,17:10,24
1071,Thursday,17:15,22
1072,Thursday,17:20,22
1073,Thursday,17:25,21
1074,Thursday,17:30,21
1075,Thursday,17:35,21
1076,Thursday,17:40,22
1077,Thursday,17:45,23
1078,Thursday,17:50,19
1079,Thursday,17:55,21
1080,Thursday,18:00,19
1081,Thursday,18:05,18
1082,Thursday,18:10,18
1083,Thursday,18:15,18
1084,Thursday,18:20,17
1085,Thursday,18:25,17
1086,Thursday,18:30,15
1087,Thursday,18:35,15
1088,Thursday,18:40,16
1089,Thursday,18:45,15
1090,Thursday,18:50,15
1091,Thursday,18:55,15
1092,Thursday,19:00,15
1093,Thursday,19:05,14
1094,Thursday,19:10,13
1095,Thursday,19:15,14
1096,Thursday,19:20,14
1097,Thursday,19:25,13
1098,Thursday,19:30,13
1099,Thursday,19:35,13
1100,Thursday,19:40,13
1101,Thursday,19:45,12
1102,Thursday,19:50,12
1103,Thursday,19:55,11
1104,Thursday,20:00,10
1105,Thursday,20:05,11
1106,Thursday,20:10,9
1107,Thursday,20:15,9
1108,Thursday,20:20,10
1109,Thursday,20:25,10
1110,Thursday,20:30,10
1111,Thursday,20:35,8
1112,Thursday,20:40,7
1113,Thursday,20:45,8
1114,Thursday,20:50,8
1115,Thursday,20:55,8
1116,Thursday,21:00,8
1117,Thursday,21:05,7
1118,Thursday,21:10,7
1119,Thursday,21:15,6
1120,Thursday,21:20,7
1121,Thursday,21:25,6
1122,Thursday,21:30,6
1123,Thursday,21:35,6
1124,Thursday,21:40,6
1125,Thursday,21:45,5
1126,Thursday,21:50,7
1127,Thursday,21:55,5
1128,Thursday,22:00,5
1129,Thursday,22:05,3
1130,Thursday,22:10,4
1131,Thursday,22:15,5
1132,Thursday,22:20,4
1133,Thursday,22:25,6
1134,Thursday,22:30,4
1135,Thursday,22:35,5
1136,Thursday,22:40,4
1137,Thursday,22:45,4
1138,Thursday,22:50,4
1139,Thursday,22:55,4
1140,Thursday,23:00,5
1141,Thursday,23:05,2
1142,Thursday,23:10,2
1143,Thursday,23:15,3
1144,Thursday,23:20,3
1145,Thursday,23:25,4
1146,Thursday,23:30,4
1147,Thursday,23:35,3
1148,Thursday,23:40,4
1149,Thursday,23:45,4
1150,Thursday,23:50,3
1151,Thursday,23:55,4
1152,Friday,00:00,2
1153,Friday,00:05,2
1154,Friday,00:10,3
1155,Friday,00:15,2
1156,Friday,00:20,2
1157,Friday,00:25,3
1158,Friday,00:30,0
1159,Friday,00:35,1
1160,Friday,00:40,1
1161,Friday,00:45,2
1162,Friday,00:50,2
1163,Friday,00:55,1
1164,Friday,01:00,1
1165,Friday,01:05,1
1166,Friday,01:10,4
1167,Friday,01:15,4
1168,Friday,01:20,2
1169,Friday,01:25,2
1170,Friday,01:30,1
1171,Friday,01:35,1
1172,Friday,01:40,2
1173,Friday,01:45,1
1174,Friday,01:50,2
1175,Friday,01:55,1
1176,Friday,02:00,2
1177,Friday,02:05,2
1178,Friday,02:10,3
1179,Friday,02:15,3
1180,Friday,02:20,1
1181,Friday,02:25,3
1182,Friday,02:30,2
1183,Friday,02:35,3
1184,Friday,02:40,3
1185,Friday,02:45,2
1186,Friday,02:50,3
1187,Friday,02:55,3
1188,Friday,03:00,3
1189,Friday,03:05,3
1190,Friday,03:10,4
1191,Friday,03:15,4
1192,Friday,03:20,3
1193,Friday,03:25,4
1194,Friday,03:30,5
1195,Friday,03:35,5
1196,Friday,03:40,3
1197,Friday,03:45,3
1198,Friday,03:50,5
1199,Friday,03:55,3
1200,Friday,04:00,3
1201,Friday,04:05,4
1202,Friday,04:10,5
1203,Friday,04:15,5
1204,Friday,04:20,5
1205,Friday,04:25,5
1206,Friday,04:30,5
1207,Friday,04:35,5
1208,Friday,04:40,8
1209,Friday,04:45,6
1210,Friday,04:50,7
1211,Friday,04:55,6
1212,Friday,05:00,7
1213,Friday,05:05,7
1214,Friday,05:10,5
1215,Friday,05:15,7
1216,Friday,05:20,7
1217,Friday,05:25,6
1218,Friday,05:30,8
1219,Friday,05:35,10
1220,Friday,05:40,9
1221,Friday,05:45,11
1222,Friday,05:50,10
1223,Friday,05:55,11
1224,Friday,06:00,10
1225,Friday,06:05,11
1226,Friday,06:10,12
1227,Friday,06:15,11
1228,Friday,06:20,12
1229,Friday,06:25,13
1230,Friday,06:30,12
1231,Friday,06:35,12
1232,Friday,06:40,12
1233,Friday,06:45,14
1234,Friday,06:50,14
1235,Friday,06:55,14
1236,Friday,07:00,15
1237,Friday,07:05,16
1238,Friday,07:10,16
1239,Friday,07:15,17
1240,Friday,07:20,17
1241,Friday,07:25,16
1242,Friday,07:30,18
1243,Friday,07:35,17
1244,Friday,07:40,18
1245,Friday,07:45,18
1246,Friday,07:50,18
1247,Friday,07:55,17
1248,Friday,08:00,19
1249,Friday,08:05,18
1250,Friday,08:10,20
1251,Friday,08:15,21
1252,Friday,08:20,19
1253,Friday,08:25,20
1254,Friday,08:30,20
1255,Friday,08:35,20
1256,Friday,08:40,21
1257,Friday,08:45,21
1258,Friday,08:50,22
1259,Friday,08:55,21
1260,Friday,09:00,22
1261,Friday,09:05,21
1262,Friday,09:10,22
1263,Friday,09:15,21
1264,Friday,09:20,22
1265,Friday,09:25,22
1266,Friday,09:30,21
1267,Friday,09:35,23
1268,Friday,09:40,23
1269,Friday,09:45,23
1270,Friday,09:50,24
1271,Friday,09:55,24
1272,Friday,10:00,23
1273,Friday,10:05,23
1274,Friday,10:10,23
1275,Friday,10:15,23
1276,Friday,10:20,23
1277,Friday,10:25,25
1278,Friday,10:30,24
1279,Friday,10:35,24
1280,Friday,10:40,25
1281,Friday,10:45,23
1282,Friday,10:50,23
1283,Friday,10:55,26
1284,Friday,11:00,25
1285,Friday,11:05,26
1286,Friday,11:10,25
1287,Friday,11:15,26
1288,Friday,11:20,28
1289,Friday,11:25,27
1290,Friday,11:30,27
1291,Friday,11:35,27
1292,Friday,11:40,28
1293,Friday,11:45,27
1294,Friday,11:50,29
1295,Friday,11:55,30
1296,Friday,12:00,28
1297,Friday,12:05,29
1298,Friday,12:10,29
1299,Friday,12:15,30
1300,Friday,12:20,31
1301,Friday,12:25,30
1302,Friday,12:30,33
1303,Friday,12:35,33
1304,Friday,12:40,33
1305,Friday,12:45,31
1306,Friday,12:50,33
1307,Friday,12:55,35
1308,Friday,13:00,32
1309,Friday,13:05,35
1310,Friday,13:10,34
1311,Friday,13:15,36
1312,Friday,13:20,35
1313,Friday,13:25,37
1314,Friday,13:30,37
1315,Friday,13:35,38
1316,Friday,13:40,37
1317,Friday,13:45,37
1318,Friday,13:50,36
1319,Friday,13:55,38
1320,Friday,14:00,37
1321,Friday,14:05,37
1322,Friday,14:10,38
1323,Friday,14:15,36
1324,Friday,14:20,38
1325,Friday,14:25,38
1326,Friday,14:30,38
1327,Friday,14:35,36
1328,Friday,14:40,37
1329,Friday,14:45,37
1330,Friday,14:50,35
1331,Friday,14:55,36
1332,Friday,15:00,37
1333,Friday,15:05,36
1334,Friday,15:10,36
1335,Friday,15:15,37
1336,Friday,15:20,35
1337,Friday,15:25,35
1338,Friday,15:30,36
1339,Friday,15:35,33
1340,Friday,15:40,32
1341,Friday,15:45,33
1342,Friday,15:50,32
1343,Friday,15:55,31
1344,Friday,16:00,30
1345,Friday,16:05,32
1346,Friday,16:10,30
1347,Friday,16:15,29
1348,Friday,16:20,30
1349,Friday,16:25,28
1350,Friday,16:30,28
1351,Friday,16:35,28
1352,Friday,16:40,26
1353,Friday,16:45,27
1354,Friday,16:50,27
1355,Friday,16:55,26
1356,Friday,17:00,24
1357,Friday,17:05,24
1358,Friday,17:10,23
1359,Friday,17:15,23
1360,Friday,17:20,22
1361,Friday,17:25,23
1362,Friday,17:30,20
1363,Friday,17:35,22
1364,Friday,17:40,20
1365,Friday,17:45,21
1366,Friday,17:50,19
1367,Friday,17:55,20
1368,Friday,18:00,20
1369,Friday,18:05,19
1370,Friday,18:10,17
1371,Friday,18:15,18
1372,Friday,18:20,18
1373,Friday,18:25,16
1374,Friday,18:30,16
1375,Friday,18:35,16
1376,Friday,18:40,16
1377,Friday,18:45,15
1378,Friday,18:50,15
1379,Friday,18:55,16
1380,Friday,19:00,15
1381,Friday,19:05,12
1382,Friday,19:10,13
1383,Friday,19:15,13
1384,Friday,19:20,12
1385,Friday,19:25,13
1386,Friday,19:30,13
1387,Friday,19:35,11
1388,Friday,19:40,12
1389,Friday,19:45,11
1390,Friday,19:50,11
1391,Friday,19:55,12
1392,Friday,20:00,10
1393,Friday,20:05,11
1394,Friday,20:10,8
1395,Friday,20:15,11
1396,Friday,20:20,10
1397,Friday,20:25,9
1398,Friday,20:30,9
1399,Friday,20:35,8
1400,Friday,20:40,9
1401,Friday,20:45,8
1402,Friday,20:50,8
1403,Friday,20:55,7
1404,Friday,21:00,7
1405,Friday,21:05,8
1406,Friday,21:10,7
1407,Friday,21:15,7
1408,Friday,21:20,7
1409,Friday,21:25,7
1410,Friday,21:30,6
1411,Friday,21:35,8
1412,Friday,21:40,5
1413,Friday,21:45,7
1414,Friday,21:50,7
1415,Friday,21:55,5
1416,Friday,22:00,7
1417,Friday,22:05,6
1418,Friday,22:10,6
1419,Friday,22:15,5
1420,Friday,22:20,4
1421,Friday,22:25,4
1422,Friday,22:30,5
1423,Friday,22:35,5
1424,Friday,22:40,4
1425,Friday,22:45,3
1426,Friday,22:50,5
1427,Friday,22:55,4
1428,Friday,23:00,4
1429,Friday,23:05,4
1430,Friday,23:10,3
1431,Friday,23:15,3
1432,Friday,23:20,3
1433,Friday,23:25,2
1434,Friday,23:30,3
1435,Friday,23:35,3
1436,Friday,23:40,3
1437,Friday,23:45,1
1438,Friday,23:50,2
1439,Friday,23:55,4
1440,Saturday,00:00,1
1441,Saturday,00:05,2
1442,Saturday,00:10,0
1443,Saturday,00:15,2
1444,Saturday,00:20,1
1445,Saturday,00:25,1
1446,Saturday,00:30,3
1447,Saturday,00:35,2
1448,Saturday,00:40,1
1449,Saturday,00:45,1
1450,Saturday,00:50,1
1451,Saturday,00:55,2
1452,Saturday,01:00,1
1453,Saturday,01:05,1
1454,Saturday,01:10,2
1455,Saturday,01:15,1
1456,Saturday,01:20,3
1457,Saturday,01:25,1
1458,Saturday,01:30,3
1459,Saturday,01:35,2
1460,Saturday,01:40,2
1461,Saturday,01:45,1
1462,Saturday,01:50,1
1463,Saturday,01:55,2
1464,Saturday,02:00,2
1465,Saturday,02:05,1
1466,Saturday,02:10,0
1467,Saturday,02:15,0
1468,Saturday,02:20,0
1469,Saturday,02:25,0
1470,Saturday,02:30,1
1471,Saturday,02:35,2
1472,Saturday,02:40,1
1473,Saturday,02:45,0
1474,Saturday,02:50,1
1475,Saturday,02:55,1
1476,Saturday,03:00,3
1477,Saturday,03:05,0
1478,Saturday,03:10,1
1479,Saturday,03:15,3
1480,Saturday,03:20,2
1481,Saturday,03:25,2
1482,Saturday,03:30,2
1483,Saturday,03:35,2
1484,Saturday,03:40,2
1485,Saturday,03:45,1
1486,Saturday,03:50,2
1487,Saturday,03:55,1
1488,Saturday,04:00,2
1489,Saturday,04:05,2
1490,Saturday,04:10,1
1491,Saturday,04:15,2
1492,Saturday,04:20,2
1493,Saturday,04:25,1
1494,Saturday,04:30,2
1495,Saturday,04:35,1
1496,Saturday,04:40,2
1497,Saturday,04:45,1
1498,Saturday,04:50,3
1499,Saturday,04:55,1
1500,Saturday,05:00,2
1501,Saturday,05:05,2
1502,Saturday,05:10,4
1503,Saturday,05:15,3
1504,Saturday,05:20,3
1505,Saturday,05:25,3
1506,Saturday,05:30,1
1507,Saturday,05:35,3
1508,Saturday,05:40,5
1509,Saturday,05:45,3
1510,Saturday,05:50,3
1511,Saturday,05:55,4
1512,Saturday,06:00,4
1513,Saturday,06:05,2
1514,Saturday,06:10,2
1515,Saturday,06:15,4
1516,Saturday,06:20,3
1517,Saturday,06:25,5
1518,Saturday,06:30,4
1519,Saturday,06:35,3
1520,Saturday,06:40,3
1521,Saturday,06:45,2
1522,Saturday,06:50,4
1523,Saturday,06:55,5
1524,Saturday,07:00,5
1525,Saturday,07:05,6
1526,Saturday,07:10,6
1527,Saturday,07:15,5
1528,Saturday,07:20,4
1529,Saturday,07:25,6
1530,Saturday,07:30,6
1531,Saturday,07:35,6
1532,Saturday,07:40,7
1533,Saturday,07:45,5
1534,Saturday,07:50,8
1535,Saturday,07:55,6
1536,Saturday,08:00,7
1537,Saturday,08:05,5
1538,Saturday,08:10,6
1539,Saturday,08:15,8
1540,Saturday,08:20,7
1541,Saturday,08:25,8
1542,Saturday,08:30,8
1543,Saturday,08:35,8
1544,Saturday,08:40,9
1545,Saturday,08:45,8
1546,Saturday,08:50,7
1547,Saturday,08:55,8
1548,Saturday,09:00,9
1549,Saturday,09:05,9
1550,Saturday,09:10,8
1551,Saturday,09:15,9
1552,Saturday,09:20,9
1553,Saturday,09:25,9
1554,Saturday,09:30,9
1555,Saturday,09:35,9
1556,Saturday,09:40,9
1557,Saturday,09:45,11
1558,Saturday,09:50,11
1559,Saturday,09:55,10
1560,Saturday,10:00,10
1561,Saturday,10:05,11
1562,Saturday,10:10,10
1563,Saturday,10:15,10
1564,Saturday,10:20,10
1565,Saturday,10:25,11
1566,Saturday,10:30,10
1567,Saturday,10:35,12
1568,Saturday,10:40,12
1569,Saturday,10:45,10
1570,Saturday,10:50,12
1571,Saturday,10:55,12
1572,Saturday,11:00,12
1573,Saturday,11:05,12
1574,Saturday,11:10,11
1575,Saturday,11:15,11
1576,Saturday,11:20,12
1577,Saturday,11:25,13
1578,Saturday,11:30,11
1579,Saturday,11:35,13
1580,Saturday,11:40,13
1581,Saturday,11:45,12
1582,Saturday,11:50,13
1583,Saturday,11:55,12
1584,Saturday,12:00,12
1585,Saturday,12:05,11
1586,Saturday,12:10,11
1587,Saturday,12:15,13
1588,Saturday,12:20,12
1589,Saturday,12:25,12
1590,Saturday,12:30,11
1591,Saturday,12:35,11
1592,Saturday,12:40,12
1593,Saturday,12:45,12
1594,Saturday,12:50,12
1595,Saturday,12:55,12
1596,Saturday,13:00,12
1597,Saturday,13:05,12
1598,Saturday,13:10,13
1599,Saturday,13:15,11
1600,Saturday,13:20,12
1601,Saturday,13:25,12
1602,Saturday,13:30,12
1603,Saturday,13:35,10
1604,Saturday,13:40,11
1605,Saturday,13:45,12
1606,Saturday,13:50,11
1607,Saturday,13:55,11
1608,Saturday,14:00,10
1609,Saturday,14:05,10
1610,Saturday,14:10,11
1611,Saturday,14:15,10
1612,Saturday,14:20,10
1613,Saturday,14:25,10
1614,Saturday,14:30,9
1615,Saturday,14:35,10
1616,Saturday,14:40,12
1617,Saturday,14:45,8
1618,Saturday,14:50,9
1619,Saturday,14:55,8
1620,Saturday,15:00,9
1621,Saturday,15:05,9
1622,Saturday,15:10,9
1623,Saturday,15:15,9
1624,Saturday,15:20,8
1625,Saturday,15:25,9
1626,Saturday,15:30,6
1627,Saturday,15:35,9
1628,Saturday,15:40,8
1629,Saturday,15:45,8
1630,Saturday,15:50,6
1631,Saturday,15:55,6
1632,Saturday,16:00,7
1633,Saturday,16:05,6
1634,Saturday,16:10,7
1635,Saturday,16:15,7
1636,Saturday,16:20,5
1637,Saturday,16:25,7
1638,Saturday,16:30,6
1639,Saturday,16:35,5
1640,Saturday,16:40,4
1641,Saturday,16:45,6
1642,Saturday,16:50,3
1643,Saturday,16:55,6
1644,Saturday,17:00,4
1645,Saturday,17:05,5
1646,Saturday,17:10,4
1647,Saturday,17:15,5
1648,Saturday,17:20,4
1649,Saturday,17:25,4
1650,Saturday,17:30,4
1651,Saturday,17:35,5
1652,Saturday,17:40,4
1653,Saturday,17:45,3
1654,Saturday,17:50,3
1655,Saturday,17:55,2
1656,Saturday,18:00,4
1657,Saturday,18:05,2
1658,Saturday,18:10,4
1659,Saturday,18:15,3
1660,Saturday,18:20,5
1661,Saturday,18:25,2
1662,Saturday,18:30,3
1663,Saturday,18:35,4
1664,Saturday,18:40,4
1665,Saturday,18:45,2
1666,Saturday,18:50,3
1667,Saturday,18:55,3
1668,Saturday,19:00,3
1669,Saturday,19:05,2
1670,Saturday,19:10,2
1671,Saturday,19:15,1
1672,Saturday,19:20,2
1673,Saturday,19:25,3
1674,Saturday,19:30,2
1675,Saturday,19:35,1
1676,Saturday,19:40,3
1677,Saturday,19:45,2
1678,Saturday,19:50,1
1679,Saturday,19:55,2
1680,Saturday,20:00,1
1681,Saturday,20:05,1
1682,Saturday,20:10,1
1683,Saturday,20:15,3
1684,Saturday,20:20,1
1685,Saturday,20:25,2
1686,Saturday,20:30,1
1687,Saturday,20:35,2
1688,Saturday,20:40,1
1689,Saturday,20:45,2
1690,Saturday,20:50,1
1691,Saturday,20:55,0
1692,Saturday,21:00,0
1693,Saturday,21:05,1
1694,Saturday,21:10,0
1695,Saturday,21:15,2
1696,Saturday,21:20,1
1697,Saturday,21:25,3
1698,Saturday,21:30,0
1699,Saturday,21:35,2
1700,Saturday,21:40,0
1701,Saturday,21:45,1
1702,Saturday,21:50,1
1703,Saturday,21:55,0
1704,Saturday,22:00,2
1705,Saturday,22:05,3
1706,Saturday,22:10,1
1707,Saturday,22:15,2
1708,Saturday,22:20,2
1709,Saturday,22:25,1
1710,Saturday,22:30,1
1711,Saturday,22:35,0
1712,Saturday,22:40,2
1713,Saturday,22:45,1
1714,Saturday,22:50,0
1715,Saturday,22:55,1
1716,Saturday,23:00,1
1717,Saturday,23:05,1
1718,Saturday,23:10,2
1719,Saturday,23:15,0
1720,Saturday,23:20,2
1721,Saturday,23:25,0
1722,Saturday,23:30,1
1723,Saturday,23:35,3
1724,Saturday,23:40,2
1725,Saturday,23:45,1
1726,Saturday,23:50,0
1727,Saturday,23:55,1
1728,Sunday,00:00,1
1729,Sunday,00:05,1
1730,Sunday,00:10,1
1731,Sunday,00:15,1
1732,Sunday,00:20,1
1733,Sunday,00:25,0
1734,Sunday,00:30,1
1735,Sunday,00:35,2
1736,Sunday,00:40,0
1737,Sunday,00:45,1
1738,Sunday,00:50,1
1739,Sunday,00:55,1
1740,Sunday,01:00,1
1741,Sunday,01:05,2
1742,Sunday,01:10,2
1743,Sunday,01:15,0
1744,Sunday,01:20,2
1745,Sunday,01:25,1
1746,Sunday,01:30,1
1747,Sunday,01:35,2
1748,Sunday,01:40,1
1749,Sunday,01:45,2
1750,Sunday,01:50,1
1751,Sunday,01:55,1
1752,Sunday,02:00,1
1753,Sunday,02:05,1
1754,Sunday,02:10,2
1755,Sunday,02:15,2
1756,Sunday,02:20,3
1757,Sunday,02:25,3
1758,Sunday,02:30,1
1759,Sunday,02:35,1
1760,Sunday,02:40,0
1761,Sunday,02:45,1
1762,Sunday,02:50,1
1763,Sunday,02:55,1
1764,Sunday,03:00,1
1765,Sunday,03:05,1
1766,Sunday,03:10,1
1767,Sunday,03:15,2
1768,Sunday,03:20,1
1769,Sunday,03:25,4
1770,Sunday,03:30,1
1771,Sunday,03:35,2
1772,Sunday,03:40,1
1773,Sunday,03:45,3
1774,Sunday,03:50,3
1775,Sunday,03:55,2
1776,Sunday,04:00,1
1777,Sunday,04:05,2
1778,Sunday,04:10,1
1779,Sunday,04:15,3
1780,Sunday,04:20,3
1781,Sunday,04:25,2
1782,Sunday,04:30,0
1783,Sunday,04:35,1
1784,Sunday,04:40,3
1785,Sunday,04:45,3
1786,Sunday,04:50,3
1787,Sunday,04:55,1
1788,Sunday,05:00,3
1789,Sunday,05:05,3
1790,Sunday,05:10,1
1791,Sunday,05:15,3
1792,Sunday,05:20,3
1793,Sunday,05:25,3
1794,Sunday,05:30,1
1795,Sunday,05:35,3
1796,Sunday,05:40,3
1797,Sunday,05:45,3
1798,Sunday,05:50,3
1799,Sunday,05:55,3
1800,Sunday,06:00,3
1801,Sunday,06:05,4
1802,Sunday,06:10,3
1803,Sunday,06:15,3
1804,Sunday,06:20,4
1805,Sunday,06:25,2
1806,Sunday,06:30,4
1807,Sunday,06:35,4
1808,Sunday,06:40,4
1809,Sunday,06:45,5
1810,Sunday,06:50,3
1811,Sunday,06:55,3
1812,Sunday,07:00,5
1813,Sunday,07:05,5
1814,Sunday,07:10,5
1815,Sunday,07:15,5
1816,Sunday,07:20,6
1817,Sunday,07:25,6
1818,Sunday,07:30,6
1819,Sunday,07:35,6
1820,Sunday,07:40,4
1821,Sunday,07:45,7
1822,Sunday,07:50,7
1823,Sunday,07:55,7
1824,Sunday,08:00,6
1825,Sunday,08:05,7
1826,Sunday,08:10,8
1827,Sunday,08:15,8
1828,Sunday,08:20,7
1829,Sunday,08:25,7
1830,Sunday,08:30,8
1831,Sunday,08:35,8
1832,Sunday,08:40,7
1833,Sunday,08:45,9
1834,Sunday,08:50,9
1835,Sunday,08:55,9
1836,Sunday,09:00,9
1837,Sunday,09:05,9
1838,Sunday,09:10,10
1839,Sunday,09:15,8
1840,Sunday,09:20,9
1841,Sunday,09:25,10
1842,Sunday,09:30,10
1843,Sunday,09:35,9
1844,Sunday,09:40,9
1845,Sunday,09:45,9
1846,Sunday,09:50,10
1847,Sunday,09:55,10
1848,Sunday,10:00,10
1849,Sunday,10:05,11
1850,Sunday,10:10,10
1851,Sunday,10:15,11
1852,Sunday,10:20,11
1853,Sunday,10:25,12
1854,Sunday,10:30,12
1855,Sunday,10:35,11
1856,Sunday,10:40,11
1857,Sunday,10:45,13
1858,Sunday,10:50,12
1859,Sunday,10:55,11
1860,Sunday,11:00,12
1861,Sunday,11:05,11
1862,Sunday,11:10,13
1863,Sunday,11:15,13
1864,Sunday,11:20,12
1865,Sunday,11:25,12
1866,Sunday,11:30,12
1867,Sunday,11:35,13
1868,Sunday,11:40,12
1869,Sunday,11:45,13
1870,Sunday,11:50,13
1871,Sunday,11:55,12
1872,Sunday,12:00,12
1873,Sunday,12:05,11
1874,Sunday,12:10,12
1875,Sunday,12:15,11
1876,Sunday,12:20,13
1877,Sunday,12:25,14
1878,Sunday,12:30,13
1879,Sunday,12:35,11
1880,Sunday,12:40,13
1881,Sunday,12:45,13
1882,Sunday,12:50,12
1883,Sunday,12:55,12
1884,Sunday,13:00,10
1885,Sunday,13:05,12
1886,Sunday,13:10,11
1887,Sunday,13:15,12
1888,Sunday,13:20,10
1889,Sunday,13:25,12
1890,Sunday,13:30,12
1891,Sunday,13:35,11
1892,Sunday,13:40,10
1893,Sunday,13:45,9
1894,Sunday,13:50,11
1895,Sunday,13:55,10
1896,Sunday,14:00,9
1897,Sunday,14:05,11
1898,Sunday,14:10,10
1899,Sunday,14:15,9
1900,Sunday,14:20,10
1901,Sunday,14:25,11
1902,Sunday,14:30,10
1903,Sunday,14:35,9
1904,Sunday,14:40,10
1905,Sunday,14:45,8
1906,Sunday,14:50,9
1907,Sunday,14:55,9
1908,Sunday,15:00,8
1909,Sunday,15:05,9
1910,Sunday,15:10,8
1911,Sunday,15:15,9
1912,Sunday,15:20,8
1913,Sunday,15:25,6
1914,Sunday,15:30,9
1915,Sunday,15:35,5
1916,Sunday,15:40,7
1917,Sunday,15:45,8
1918,Sunday,15:50,7
1919,Sunday,15:55,6
1920,Sunday,16:00,6
1921,Sunday,16:05,7
1922,Sunday,16:10,5
1923,Sunday,16:15,7
1924,Sunday,16:20,6
1925,Sunday,16:25,5
1926,Sunday,16:30,5
1927,Sunday,16:35,5
1928,Sunday,16:40,6
1929,Sunday,16:45,6
1930,Sunday,16:50,4
1931,Sunday,16:55,5
1932,Sunday,17:00,4
1933,Sunday,17:05,6
1934,Sunday,17:10,4
1935,Sunday,17:15,6
1936,Sunday,17:20,4
1937,Sunday,17:25,3
1938,Sunday,17:30,4
1939,Sunday,17:35,3
1940,Sunday,17:40,3
1941,Sunday,17:45,4
1942,Sunday,17:50,3
1943,Sunday,17:55,2
1944,Sunday,18:00,3
1945,Sunday,18:05,2
1946,Sunday,18:10,3
1947,Sunday,18:15,2
1948,Sunday,18:20,2
1949,Sunday,18:25,5
1950,Sunday,18:30,3
1951,Sunday,18:35,3
1952,Sunday,18:40,1
1953,Sunday,18:45,2
1954,Sunday,18:50,3
1955,Sunday,18:55,2
1956,Sunday,19:00,3
1957,Sunday,19:05,1
1958,Sunday,19:10,2
1959,Sunday,19:15,2
1960,Sunday,19:20,2
1961,Sunday,19:25,2
1962,Sunday,19:30,2
1963,Sunday,19:35,2
1964,Sunday,19:40,1
1965,Sunday,19:45,2
1966,Sunday,19:50,2
1967,Sunday,19:55,2
1968,Sunday,20:00,1
1969,Sunday,20:05,2
1970,Sunday,20:10,2
1971,Sunday,20:15,1
1972,Sunday,20:20,2
1973,Sunday,20:25,3
1974,Sunday,20:30,1
1975,Sunday,20:35,2
1976,Sunday,20:40,0
1977,Sunday,20:45,2
1978,Sunday,20:50,3
1979,Sunday,20:55,2
1980,Sunday,21:00,2
1981,Sunday,21:05,1
1982,Sunday,21:10,1
1983,Sunday,21:15,1
1984,Sunday,21:20,1
1985,Sunday,21:25,1
1986,Sunday,21:30,2
1987,Sunday,21:35,1
1988,Sunday,21:40,1
1989,Sunday,21:45,0
1990,Sunday,21:50,2
1991,Sunday,21:55,2
1992,Sunday,22:00,2
1993,Sunday,22:05,2
1994,Sunday,22:10,1
1995,Sunday,22:15,2
1996,Sunday,22:20,2
1997,Sunday,22:25,1
1998,Sunday,22:30,1
1999,Sunday,22:35,3
2000,Sunday,22:40,1
2001,Sunday,22:45,1
2002,Sunday,22:50,2
2003,Sunday,22:55,1
2004,Sunday,23:00,0
2005,Sunday,23:05,2
2006,Sunday,23:10,1
2007,Sunday,23:15,0
2008,Sunday,23:20,2
2009,Sunday,23:25,2
2010,Sunday,23:30,0
2011,Sunday,23:35,3
2012,Sunday,23:40,2
2013,Sunday,23:45,1
2014,Sunday,23:50,2
2015,Sunday,23:55,1
